<?xml version="1.0" encoding="UTF-8"?>
<beans xmlns="http://www.springframework.org/schema/beans"
	xmlns:xsi="http://www.w3.org/2001/XMLSchema-instance"
	xmlns:context="http://www.springframework.org/schema/context"
	xmlns:p="http://www.springframework.org/schema/p"
	xmlns:tx="http://www.springframework.org/schema/tx"	
	xsi:schemaLocation="http://www.springframework.org/schema/beans
    http://www.springframework.org/schema/beans/spring-beans.xsd
    http://www.springframework.org/schema/context
    http://www.springframework.org/schema/context/spring-context.xsd
    http://www.springframework.org/schema/tx
    http://www.springframework.org/schema/tx/spring-tx.xsd">
    
    <!-- xmlns:tx="http://www.springframework.org/schema/tx"  -->
	<!-- http://www.springframework.org/schema/tx -->
	<!-- http://www.springframework.org/schema/tx/spring-tx.xsd -->
	
	<tx:annotation-driven/>
	
    <!-- bean definitions here -->
    	<bean class="org.springframework.jdbc.datasource.DriverManagerDataSource" name="ds">
    		<property name="driverClassName" value="com.microsoft.sqlserver.jdbc.SQLServerDriver"/>
 			<property name="url" value="jdbc:sqlserver://localhost;databaseName=SpringJdbcExample;instanceName=SQLEXPRESS2019"/>
 			<property name="username" value="sa"/>
 			<property name="password" value="Password_123"/>
    	</bean>
    
    	<bean class="org.springframework.orm.hibernate5.LocalSessionFactoryBean" name="localSessionFactoryBean">
    		<!-- datasource -->
    		<property name="dataSource" ref="ds"></property>
    		
    		<!-- HibernateProperties -->
    		<property name="hibernateProperties">
    			<props>
    				<prop key="hibernate.dialect">org.hibernate.dialect.SQLServerDialect</prop>
    				<prop key="hibernate.show_sql">true</prop>
    				<prop key="hibernate.format_sql">true</prop>
    				<prop key="hibernate.hbm2ddl.auto">update</prop>
    			</props>
    		</property>
    		<!-- Annotated classes -->
    		<property name="annotatedClasses">
    			<list>
    				<value>com.spring.orm.entities.Student</value>
    			</list>
    		</property>
    		<!-- for xml mapping -->
    		<!-- <property name="mappingresource"></property> -->
    	</bean>
    	
    	<bean name="hibernateTemplate" class="org.springframework.orm.hibernate5.HibernateTemplate">
    		<!-- local session factory -->
    		<property name="sessionFactory" ref="localSessionFactoryBean"></property>
    	</bean>
    	
 		<bean class="com.spring.orm.dao.StudentDao" name="studentDao" >
 			<property name="hibernateTemplate" ref="hibernateTemplate"></property>
 		</bean>
 		
 		<bean class="org.springframework.orm.hibernate5.HibernateTransactionManager" name="transactionManager">
 			<property name="sessionFactory" ref="localSessionFactoryBean"></property>
 		</bean>
</beans>
