<?xml version = "1.0" encoding = "UTF-8"?>

<beans xmlns="http://www.springframework.org/schema/beans"
	xmlns:xsi="http://www.w3.org/2001/XMLSchema-instance"
	xmlns:p="http://www.springframework.org/schema/p"
	xsi:schemaLocation="http://www.springframework.org/schema/beans
http://www.springframework.org/schema/beans/spring-beans-3.0.xsd">

	<bean class="com.autowiringusingxml.Address" name="address1">
		<property name="house_no" value="165-166"></property>
		<property name="locality" value="sector-4 Rohini"></property>
		<property name="state" value="Delhi"></property>
	</bean>
	
	<bean class="com.autowiringusingxml.Emp" name="employee" autowire="byName"/>
</beans>