<?xml version="1.0" encoding="UTF-8"?>
<!DOCTYPE hibernate-mapping PUBLIC 
"-//Hibernate/Hibernate Mapping DTD//EN"
"http://www.hibernate.org/dtd/hibernate-mapping-3.0.dtd"> 

<hibernate-mapping>
   <class name = "com.citiustech.pojo.Employee">
      
      <id name = "id" >
         <generator class="increment"/>  <!-- for auto-increment -->
	<!-- <generator class="identity"/> -->
      </id>
      
      <property name = "first_name" />
      <property name = "last_name" />
      <property name = "salary" />
      <property name= "location"/>
      
   </class>
</hibernate-mapping>