<?xml version = "1.0" encoding = "UTF-8"?>

<beans xmlns="http://www.springframework.org/schema/beans"
	xmlns:xsi="http://www.w3.org/2001/XMLSchema-instance"
	xmlns:p="http://www.springframework.org/schema/p"
	xsi:schemaLocation="http://www.springframework.org/schema/beans
http://www.springframework.org/schema/beans/spring-beans-3.0.xsd">

	<bean class="com.refEx.B" name="bref">
	<property name="number" value="100"></property>
	</bean>
	
	<bean class="com.refEx.A" name="aref">
		<property name="number" value="2000"></property>
		<property name="object">
			<ref bean="bref"/>
		</property>
	</bean>
	
	<bean class="com.refEx.A" name="aref1">
		<property name="number">
			<value>3000</value>
		</property>
		<property name="object">
		<ref bean="bref"/>
		</property>
	</bean>
	
	<bean class="com.refEx.A" name="aref2" p:number="5000" p:object-ref="bref"/>

</beans>