<?xml version = "1.0" encoding = "utf-8"?>
<!DOCTYPE hibernate-configuration SYSTEM 
"http://www.hibernate.org/dtd/hibernate-configuration-3.0.dtd">
<hibernate-configuration>
	<session-factory>

		<property name="hibernate.dialect">org.hibernate.dialect.SQLServerDialect</property>
		<property name="hibernate.connection.driver_class">com.microsoft.sqlserver.jdbc.SQLServerDriver</property>

		<!-- Flip is the database name -->
		<!-- <property name="hibernate.connection.url">jdbc:sqlserver://localhost;databaseName=EmbeddableTest;instanceName=SQLEXPRESS2019</property> -->
		<property name="hibernate.connection.url">jdbc:sqlserver://localhost;databaseName=HibernateExample;instanceName=SQLEXPRESS2019</property>
		<property name="hibernate.connection.username">sa</property>
		<property name="hibernate.connection.password">Password_123</property>
		<property name="hibernate.hbm2ddl.auto">update</property>
		<property name="show_sql">true</property>
		<property name="format_sql">true</property> 
		
		<!-- List of XML mapping files when you use annotation -->
	  	   <!-- <mapping class="com.citiustech.annotation.Employee" /> -->
	  	  <!-- <mapping class="com.citiustech.pojo.Employee" /> -->
	  	  <!-- <mapping class="com.citiustech.embaddable.Employee"/> -->
	  	  
	  	  <!-- this is used when we go with the xml configuration not with annotation configuration -->
	  	  <!-- <mapping resource="com/citiustech/pojo/Employee.hbm.xml"/> -->
	  	  <!-- <mapping resource="com/citiustech/withoutannotation/Employee.hbm.xml"/> --> 
 
	</session-factory>
</hibernate-configuration>