<?xml version = "1.0" encoding = "UTF-8"?>



<beans xmlns="http://www.springframework.org/schema/beans"
	xmlns:xsi="http://www.w3.org/2001/XMLSchema-instance"
	xmlns:p="http://www.springframework.org/schema/p"
	xsi:schemaLocation="http://www.springframework.org/schema/beans
http://www.springframework.org/schema/beans/spring-beans-3.0.xsd">


	<bean class="com.collectionEx.Employee" name="employee">
		<property name="name" value="Yogesh"> </property>
		<property name="phone">
			<list>
				<value>701184241</value>
				<value>242342842</value>
				<value>934342243</value>
				<value>703584245</value>
			</list>
		</property>
		<property name="address">
		<set>
			<value> mumbai</value>
			<value> delhi</value>
			<value> chennai</value>
			<value> banglore</value>
		</set>
		</property>
		
		<property name="courses">
			<map>
				<entry key="java" value="2 months"/>
				<entry key="junit" value="1 months"/>
				<entry key="Maths" value="6 months"/>
				<entry key="hibernate" value="3 months"/>
			</map>
		</property>
	</bean>

</beans>