<?xml version="1.0" encoding="UTF-8"?>
<beans xmlns="http://www.springframework.org/schema/beans"
	xmlns:xsi="http://www.w3.org/2001/XMLSchema-instance"
	xmlns:p="http://www.springframework.org/schema/p"
	xmlns:context="http://www.springframework.org/schema/context"
	xsi:schemaLocation="http://www.springframework.org/schema/beans
http://www.springframework.org/schema/beans/spring-beans-2.5.xsd
http://www.springframework.org/schema/aop
http://www.springframework.org/schema/aop/spring-aop-2.5.xsd
http://www.springframework.org/schema/tx
http://www.springframework.org/schema/tx/spring-tx-2.5.xsd
http://www.springframework.org/schema/context
http://www.springframework.org/schema/context/spring-context.xsd">
	<context:annotation-config></context:annotation-config>
<!-- 
	<bean class="com.lifecycle.Test" name="test" init-method="start"
		destroy-method="stop">
		<property name="my_number" value="12" />
	</bean>

	<bean class="com.lifecycle.Test2" name="test2">
		<property name="my_number" value="12" />
	</bean>

	<bean class="com.lifecycle.Test3" name="test3">
		<property name="name" value="Bhushan" />
	</bean>
 -->
 
<!--  --> <!--  --><!--  --><!--  --><!--  --><!--  --><!--  --><!--  --><!--  --><!--  --><!--  -->

	<!-- test1
	<bean class="com.lifecycle.Test" name="test" init-method="start" destroy-method="stop">
		<property name="my_number" value="12"></property>
	</bean>
	 -->
	 
	 <!-- test2 
	<bean class="com.lifecycle.Test2" name="test2">
		<property name="my_number" value="112"></property>
	</bean>
	 -->
	 
	 <bean class="com.lifecycle.Test3" name="test3">
	 	<property name="name" value="Yogesh Kumar"></property>
	 </bean>

 
 
 
</beans>