<?xml version="1.0" encoding="UTF-8"?>
<beans xmlns="http://www.springframework.org/schema/beans"
	xmlns:xsi="http://www.w3.org/2001/XMLSchema-instance"
	xmlns:p="http://www.springframework.org/schema/p"
	xmlns:context="http://www.springframework.org/schema/context"
	xsi:schemaLocation="http://www.springframework.org/schema/beans
http://www.springframework.org/schema/beans/spring-beans-2.5.xsd
http://www.springframework.org/schema/aop
http://www.springframework.org/schema/aop/spring-aop-2.5.xsd
http://www.springframework.org/schema/tx
http://www.springframework.org/schema/tx/spring-tx-2.5.xsd
http://www.springframework.org/schema/context
http://www.springframework.org/schema/context/spring-context.xsd">
	<context:annotation-config></context:annotation-config>


	<bean class="com.autowiringUsingAnnotation.Address" name="address1">
		<property name="house_no" value="165-166"></property>
		<property name="locality" value="sector-4 Rohini"></property>
		<property name="state" value="Delhi"></property>
	</bean>
	
	<bean class="com.autowiringUsingAnnotation.Address" name="address2">
		<property name="house_no" value="165-166"></property>
		<property name="locality" value="sector-4 Rohini"></property>
		<property name="state" value="Mumabai"></property>
	</bean>
	
	<bean class="com.autowiringUsingAnnotation.Emp" name="employee" />
</beans>