<?xml version="1.0" encoding="UTF-8"?>
<!DOCTYPE hibernate-mapping PUBLIC 
"-//Hibernate/Hibernate Mapping DTD//EN"
"http://www.hibernate.org/dtd/hibernate-mapping-3.0.dtd"> 

<hibernate-mapping>
   <class name = "com.citiustech.withoutannotation.Employee" table="Employee_Data">
   
      <!-- this is my primary key with auto increment  -->
      <id name = "id" >
         <generator class="identity"/>  <!-- for auto-increment -->
      </id>
      <!-- this is other variables -->
      <property name = "first_name" />
      <property name = "last_name" />
      <property name = "salary" />
      <!-- <property name= "location"/> -->
      
   </class>
</hibernate-mapping>