<?xml version = "1.0" encoding = "UTF-8"?>

<beans xmlns="http://www.springframework.org/schema/beans"
	xmlns:xsi="http://www.w3.org/2001/XMLSchema-instance"
	xmlns:p="http://www.springframework.org/schema/p"
	xsi:schemaLocation="http://www.springframework.org/schema/beans
http://www.springframework.org/schema/beans/spring-beans-3.0.xsd">

	
	
	<bean class="com.refex2.Question" name="question">
		<property name="question" value="what is spring framework?"></property>
		<property name="answer">
			<ref bean="answer"/>
		</property>
	</bean>
	
	<bean class="com.refex2.Answer" name="answer">
		<property name="answer" value="Spring Framework is a Java platform that provides comprehensive infrastructure support for developing Java applications. ... Spring enables you to build applications from “plain old Java objects” (POJOs) and to apply enterprise services non-invasively to POJOs"></property>
	</bean>

</beans>