<beans xmlns="http://www.springframework.org/schema/beans"
	xmlns:xsi="http://www.w3.org/2001/XMLSchema-instance"
	xmlns:p="http://www.springframework.org/schema/p"
	xmlns:util="http://www.springframework.org/schema/util"
	xmlns:context="http://www.springframework.org/schema/context"
	xsi:schemaLocation="http://www.springframework.org/schema/beans
http://www.springframework.org/schema/beans/spring-beans-2.5.xsd
http://www.springframework.org/schema/aop
http://www.springframework.org/schema/aop/spring-aop-2.5.xsd
http://www.springframework.org/schema/tx
http://www.springframework.org/schema/tx/spring-tx-2.5.xsd
http://www.springframework.org/schema/context
http://www.springframework.org/schema/context/spring-context.xsd
http://www.springframework.org/schema/util
http://www.springframework.org/schema/util/spring-util.xsd">

	<!-- <context:component-scan base-package="com.stereotypeex"/> <util:list 
		list-class="java.util.Vector" id="projectlist"> <value>Exam Management System</value> 
		<value>School Management System</value> </util:list> -->
	<util:list list-class="java.util.LinkedList" id="project_names">
		<value>java FullStack</value>
		<value>c# FullStack</value>
	</util:list>
	
	<util:map map-class="java.util.HashMap" id="department_detail">
		<entry key="31" value="Development"/>
		<entry key="22" value="Testing"/>
		<entry key="36" value="Service"/>
	</util:map>
	
	<util:properties id="dbconnection">
		<prop key="driver">com.microsoft.sqlserver.jdbc.SQLServerDriver</prop>
		<prop key="username">sa</prop>
		<prop key="password">Password_123</prop>
		<prop key="instanceName">SQLSERVERXPRESS2019</prop>
	</util:properties>

	<bean class="com.standalonecollection.Employee" name="employee">
		<property name="emp_name" value="Yogesh Kumar"/>
		<property name="project_name" ref="project_names"/>
		<property name="department_details" ref="department_detail"/>
		<property name="dbconnection" ref="dbconnection"></property>
	</bean>



</beans>