<?xml version = "1.0" encoding = "UTF-8"?>

<beans xmlns="http://www.springframework.org/schema/beans"
	xmlns:xsi="http://www.w3.org/2001/XMLSchema-instance"
	xmlns:p="http://www.springframework.org/schema/p"
	xsi:schemaLocation="http://www.springframework.org/schema/beans
http://www.springframework.org/schema/beans/spring-beans-3.0.xsd">

	<!-- 
	<bean class="com.constructorEx.Department" name="department"> <constructor-arg 
		value="Developer"></constructor-arg> </bean> <bean class="com.constructorEx.Employee" 
		name="employee"> <constructor-arg value="Yogesh Kumar"></constructor-arg> 
		<constructor-arg ref="department" /> </bean> 
		 -->

	<bean class="com.constructorEx.Addition" name="addition">
		<constructor-arg value="123"></constructor-arg>
		<constructor-arg value="2"></constructor-arg>
	</bean>
</beans>